,sample_id,family,orig_seq,mut_seq,v_gene
0,0,149198,CAGGTGCAGCTGGTGGAGTCTGGGGGAGGCGTGGTCCAGCCTGGGAGGTCCCTGAGACTCTCCTGTGCAGCGTCTGGATTCACCTTCAGTAGCTCTGGCATGCACTGGGTCCGCCAGGCTCCAGGCAAGGGGCTGGAGTGGGTGGCAGTTATATGGTATGATGGAAGTAATAAATATTATGCAGACTCCGTGAAGGGCCGATTCACCATCTCCAGAGACAATTCCAAGAACACGGTGTATCTTCAAATGAACAGCCTAAGAGCCGAGGACACGGCTGTGTATTACTGTGCGAGAGAGGGGCACAGTAACTACCCCTACTACTACTACTACATGGACGTCTGGGGCAAAGGGACCACGGTCACCGTCTCCTCAN,CAGGTGCAGCTGGTGGAGTCTGGGGGAGGCGTGGTCCAGCCTGGGAGGTCCCTGAGACTCTCCTGTGCAGCGTCTGGATTCACCTTCAATAGCTCTGGCATGCACTGGGTCCGCCAGGCTCCAGGCAAGGGGCTGGAGTGGGTGGCACTTATATGGTATGATGGAAGTAATAAATATTATGCAGACTCCGTGAAGGGCCGATTCACCATCTCCAGAGACAATTCCAAGAACACGGTGTATCTTCAAATGAACAGCCTAAGAGCCGAGGACACGGCTGTATATTACTGTGCGAGAGAGGGGCACAGTAACTACCCCTACTACTACTACTACATGGACGTCTGGGGCAAAGGGACCACGGTCACCGTCTCCTCAN,IGHV3-33*01
1,0,149198,CAGGTGCAGCTGGTGGAGTCTGGGGGAGGCGTGGTCCAGCCTGGGAGGTCCCTGAGACTCTCCTGTGCAGCGTCTGGATTCACCTTCAATAGCTCTGGCATGCACTGGGTCCGCCAGGCTCCAGGCAAGGGGCTGGAGTGGGTGGCACTTATATGGTATGATGGAAGTAATAAATATTATGCAGACTCCGTGAAGGGCCGATTCACCATCTCCAGAGACAATTCCAAGAACACGGTGTATCTTCAAATGAACAGCCTAAGAGCCGAGGACACGGCTGTATATTACTGTGCGAGAGAGGGGCACAGTAACTACCCCTACTACTACTACTACATGGACGTCTGGGGCAAAGGGACCACGGTCACCGTCTCCTCAN,CAGGTGCAGCTGGTGGAGTCTGGGGGAGGCGTGGTCCAGCCTGGGAGGTCCCTGAGACTCTCCTGTGCAGCGTCTGGATTCACCTTCGATAGCTCTGGCATGCACTGGGTCCGCCAGGCTCCAGGCAAGGGGCTGGAGTGGGTGGCACTTATATGGTATGATGGAAGTAATAAATATTATGCAGACTCCGTGAAGGGCCGATTCACCATCTCCAGAGACAATTCCAAGAACACGGTCTATCTTCAAATGGACAGCCTAGGAGCCGAGGACACGGCTGTATATTACTGTGCGAGAGAGGGGCACAGTAACTACCCCTACTACTACTACTACATGGACGTCTGGGGCAAAGGGACCACGGTCACCGTCTCCTCAN,IGHV3-33*01
2,0,149198,CAGGTGCAGCTGGTGGAGTCTGGGGGAGGCGTGGTCCAGCCTGGGAGGTCCCTGAGACTCTCCTGTGCAGCGTCTGGATTCACCTTCGATAGCTCTGGCATGCACTGGGTCCGCCAGGCTCCAGGCAAGGGGCTGGAGTGGGTGGCACTTATATGGTATGATGGAAGTAATAAATATTATGCAGACTCCGTGAAGGGCCGATTCACCATCTCCAGAGACAATTCCAAGAACACGGTCTATCTTCAAATGGACAGCCTAGGAGCCGAGGACACGGCTGTATATTACTGTGCGAGAGAGGGGCACAGTAACTACCCCTACTACTACTACTACATGGACGTCTGGGGCAAAGGGACCACGGTCACCGTCTCCTCAN,CAAGTGCAGCTGGTGGAGTCTGGGGGAGGCGTGGTCCAGCCTGGGAGGTCCCTGAGACTCTCCTGCGCAACGTCTGGTTTCAACTTCGATACTTCGGGCATGCACTGGGTCCGCCAGGCTCCAGGCAAGGGGCTGGAGTGGGTGGCACTAATATGGTATGATGGAAGTAATAAATATTATGCAGACTCCGTGAGGGGCCGATTCACCATCTCCAGAGACAATTCGAAGAACACGGTCTATCTTCAAATGGACAGCCTAGGAGTCGAGGACACGGCTGTATATTACTGTGCGAGAGAGGGGCACAGTCACTACCCCTTCTATTACTACTACATGGACGTCTGGGGCAAAGGGACCACGGTCACCGTCTCGTCAN,IGHV3-33*01
3,0,149198,CAAGTGCAGCTGGTGGAGTCTGGGGGAGGCGTGGTCCAGCCTGGGAGGTCCCTGAGACTCTCCTGCGCAACGTCTGGTTTCAACTTCGATACTTCGGGCATGCACTGGGTCCGCCAGGCTCCAGGCAAGGGGCTGGAGTGGGTGGCACTAATATGGTATGATGGAAGTAATAAATATTATGCAGACTCCGTGAGGGGCCGATTCACCATCTCCAGAGACAATTCGAAGAACACGGTCTATCTTCAAATGGACAGCCTAGGAGTCGAGGACACGGCTGTATATTACTGTGCGAGAGAGGGGCACAGTCACTACCCCTTCTATTACTACTACATGGACGTCTGGGGCAAAGGGACCACGGTCACCGTCTCGTCAN,CAAATGCAGATGGTGGAGTCGGGGGGAGGCGTGGTCCAGCCAGGGAGGTCCCTGACACTCTCCTGCGCAACGTCTGGCTTCAACTTCGAAACTTCAGCCCTGCACTGGGTCCGCCAGGCTCCAGGCAAGGGGCTGGAGTGGGTGGCACTAATTTGGTATGATGGAACTAATAAATATTATGCAGACTCCGTGAGGGGCCGATTCACCATCTCCAGAGACAATTCGAAGAACACAGTCTATCTTCAAATGGACGGCCTGGGGGTCGAGGACACGGCTGTCTATTACTGTGCGAGAGAGGGCCACAGTCACTACCCCTTCTATTACTACTACATGGACGTCTGGGGCAAAGGGACCGCGGTCACCGTCTCGTCAN,IGHV3-33*01
4,0,149198,CAAGTGCAGCTGGTGGAGTCTGGGGGAGGCGTGGTCCAGCCTGGGAGGTCCCTGAGACTCTCCTGCGCAACGTCTGGTTTCAACTTCGATACTTCGGGCATGCACTGGGTCCGCCAGGCTCCAGGCAAGGGGCTGGAGTGGGTGGCACTAATATGGTATGATGGAAGTAATAAATATTATGCAGACTCCGTGAGGGGCCGATTCACCATCTCCAGAGACAATTCGAAGAACACGGTCTATCTTCAAATGGACAGCCTAGGAGTCGAGGACACGGCTGTATATTACTGTGCGAGAGAGGGGCACAGTCACTACCCCTTCTATTACTACTACATGGACGTCTGGGGCAAAGGGACCACGGTCACCGTCTCGTCAN,CAAGTGCAACTGGTGGAGTCTGGGGGAGGCGTGGTCCAGCCTGGGAGGTCCCTGAGACTCTCCTGCGCAACGTCTGGTATCAACTTCGATACTTCGGGCATGCACTGGGTCCGCCAGGCTCCAGGCAAGGGGCTGGAGTGGGTGGCTCTAATATGGTATGATGGAAGTAATAAATATTATGCAGACTCTGTGAGGGGCCGATTCACCATCTCCAGAGACAATTCGAAGAACACGATCTTTCTTCAAATGGACAGCCTAGGAGTCGAGGACACGGCTATATATTACTGTGCGAGAGAGGGGCACAGTCACTACCCCTTCTATTACTACTACATGGACGTCTGGGGCAAAGGGACCACGGTCACCGTCTCGTCAN,IGHV3-33*01
5,0,149198,CAGGTGCAGCTGGTGGAGTCTGGGGGAGGCGTGGTCCAGCCTGGGAGGTCCCTGAGACTCTCCTGTGCAGCGTCTGGATTCACCTTCGATAGCTCTGGCATGCACTGGGTCCGCCAGGCTCCAGGCAAGGGGCTGGAGTGGGTGGCACTTATATGGTATGATGGAAGTAATAAATATTATGCAGACTCCGTGAAGGGCCGATTCACCATCTCCAGAGACAATTCCAAGAACACGGTCTATCTTCAAATGGACAGCCTAGGAGCCGAGGACACGGCTGTATATTACTGTGCGAGAGAGGGGCACAGTAACTACCCCTACTACTACTACTACATGGACGTCTGGGGCAAAGGGACCACGGTCACCGTCTCCTCAN,CAGGTGCAGTTGGTGGAGTCGGGGGGAGGCGTGGTCCAGCCTGGGAGGTCCCTGAGACTCTCCTGTGTTGCGTCCGGATTCAGCTTCGATAAGTCCGCCATGCACTGGGTCCGCCAGGCTCCAGGCAAGGGGCTGGAGTGGGTGGCGCTTATATGGTATGATGGAAGTAATAAATATTATGCAGACTCCGTGAAGGGCCGATTCACCATCTCCAGAGACAACTCCAAGAACTCGGTCTATCTTCAAATGGACAGCCTAGAGGCCGAGGACACGGCTGTATATTATTGTGCGAGAGAGGGACACAGTAACTACCCCTACTACTACTACTACATGGACGTCTGGGGCGAAGGGACCACGGTCACCGTCTCCTCAN,IGHV3-33*01
6,0,149198,CAGGTGCAGCTGGTGGAGTCTGGGGGAGGCGTGGTCCAGCCTGGGAGGTCCCTGAGACTCTCCTGTGCAGCGTCTGGATTCACCTTCAATAGCTCTGGCATGCACTGGGTCCGCCAGGCTCCAGGCAAGGGGCTGGAGTGGGTGGCACTTATATGGTATGATGGAAGTAATAAATATTATGCAGACTCCGTGAAGGGCCGATTCACCATCTCCAGAGACAATTCCAAGAACACGGTGTATCTTCAAATGAACAGCCTAAGAGCCGAGGACACGGCTGTATATTACTGTGCGAGAGAGGGGCACAGTAACTACCCCTACTACTACTACTACATGGACGTCTGGGGCAAAGGGACCACGGTCACCGTCTCCTCAN,CAGGTGCAACTGGTGGAGTCTGGGGGCGGCGTGGTCCAGCCTGGGAGGTCCCTGAGACTCTCCTGTGCAGCGTCTGGGATCACCTTCAATAGCTCTGGCATGCACTGGGTCCGCCAGGCTCCAGGCAAGGGGCTGGAGTGGGTGGCACTTATATGGTATGATGGAAGTAATAAATATTATGCAGACTCCGTGAAGGGCCGATTCACCATCTCCAGAGACAATTCCAAGAACACGGTGTATCTTCAAATGAACAACCTAAGAGCCGAGGACACGGCTGTATATTACTGTGCCAGAGAGGGGCACAGTTACTATCCCTACTACTACTACTACATGGACGTCTGGGGCGAGGGGACCACGGTCACCGTCTCCGCAN,IGHV3-33*01
7,0,149198,CAGGTGCAACTGGTGGAGTCTGGGGGCGGCGTGGTCCAGCCTGGGAGGTCCCTGAGACTCTCCTGTGCAGCGTCTGGGATCACCTTCAATAGCTCTGGCATGCACTGGGTCCGCCAGGCTCCAGGCAAGGGGCTGGAGTGGGTGGCACTTATATGGTATGATGGAAGTAATAAATATTATGCAGACTCCGTGAAGGGCCGATTCACCATCTCCAGAGACAATTCCAAGAACACGGTGTATCTTCAAATGAACAACCTAAGAGCCGAGGACACGGCTGTATATTACTGTGCCAGAGAGGGGCACAGTTACTATCCCTACTACTACTACTACATGGACGTCTGGGGCGAGGGGACCACGGTCACCGTCTCCGCAN,CAGGTGCAACTGGTGGAGTCTGGGGGCGGCGTGGTCCAGCCTGGGAGGTCCCTGAGACTCTCCTGTGCAGCGTCTGGGATCACCTTCAATAGCTCTGGCATGCACTGGGTCCGCCAGGCTCCAGGCAAGGGGCTGGAGTGGGTGGCACTTATATGGTATGATGGAAGTAATAAATATTATGCAGACTCCGTGAAGGGCCGATTCACCATCTCCAGAGACAATTCCAAGAACACGGTGTATCTTCAAATGAACAACCTAAGAGCCGAGGACACGGCTGTATATTACTGTGCCAGAGAGGGGCACAGTTACTATCCCTACTACTACTACTACATGGACGTCTGGGGCGAGGGGACCACGGTCACCGTCTCCGCAN,IGHV3-33*01
8,0,149198,CAGGTGCAACTGGTGGAGTCTGGGGGCGGCGTGGTCCAGCCTGGGAGGTCCCTGAGACTCTCCTGTGCAGCGTCTGGGATCACCTTCAATAGCTCTGGCATGCACTGGGTCCGCCAGGCTCCAGGCAAGGGGCTGGAGTGGGTGGCACTTATATGGTATGATGGAAGTAATAAATATTATGCAGACTCCGTGAAGGGCCGATTCACCATCTCCAGAGACAATTCCAAGAACACGGTGTATCTTCAAATGAACAACCTAAGAGCCGAGGACACGGCTGTATATTACTGTGCCAGAGAGGGGCACAGTTACTATCCCTACTACTACTACTACATGGACGTCTGGGGCGAGGGGACCACGGTCACCGTCTCCGCAN,CAGGTGCAACTGGTGGAGTCTGGGGGCGGCGTGGTCCAGCCTGGGAGGTCCCTGAGACTCTCCTGTGCAGCGTCTGGGATCACCTTCAATAGCTCTGGCATGCACTGGGTCCGCCAGGCTCCAGGCAAGGGGCTGGAGTGGGTGGCACTTATATGGTATGATGGAAGTAATAAATATTATGCAGACTCCGTGAAGGGCCGATTCACCATCTCCAGAGACAATTCCAAGAACACGGTGTATCTTCAAATGAACAACCTAAGAGCCGAGGACACGGCTGTATATTACTGTGCCAGAGAGGGGCACAGTTACTATCCCTACTACTACTACTACATGGACGTCTGGGGCGAGGGGACCACGGTCACCGTCTCCGCAN,IGHV3-33*01
9,0,149198,CAGGTGCAGCTGGTGGAGTCTGGGGGAGGCGTGGTCCAGCCTGGGAGGTCCCTGAGACTCTCCTGTGCAGCGTCTGGATTCACCTTCAGTAGCTCTGGCATGCACTGGGTCCGCCAGGCTCCAGGCAAGGGGCTGGAGTGGGTGGCAGTTATATGGTATGATGGAAGTAATAAATATTATGCAGACTCCGTGAAGGGCCGATTCACCATCTCCAGAGACAATTCCAAGAACACGGTGTATCTTCAAATGAACAGCCTAAGAGCCGAGGACACGGCTGTGTATTACTGTGCGAGAGAGGGGCACAGTAACTACCCCTACTACTACTACTACATGGACGTCTGGGGCAAAGGGACCACGGTCACCGTCTCCTCAN,CAGGTGAAGTTGGTGGAGTCTGGGGGAGGCGTGGTCCAGCCTGGGAAGTCCCTGAGACTCTCCTGTGCAGCGTCTGGACTCACCTTCAGTAGCTCTGGCATGCACTGGGTCCGCCAGGCTCCAGGCAAGGGGCTGGAGTGGGTGGCAGTTATATGGTATGATGGAAGTAATAAATATTATGCAGATTCCGTGAAGGGCCGATTCACCATCTCCAGGGACGATTCCAAGAATACGGTATACCTTCAAATGGACGGCCTAGGAGTCGAGGACACGGCTGTGTATTACTGTGCGAGAGAGGGGCACAGTAACTACCCTTACTACTACTACTACATGGACGTCTGGGGCACAGGGACCACGGTCACCGTCTCCTCAN,IGHV3-33*01
10,0,144396,GAGGTGCAGCTGGTGGAGTCTGGGGGAGGCTTGGTCCAGCCTGGGGGGTCCCTGAGACTCTCCTGTGCAGCCTCTGGATTCACCTTTAGTAGCTATTGGATGAGCTGGGTCCGCCAGGCTCCAGGGAAGGGGCTGGAGTGGGTGGCCAACATAAAGCAAGATGGAAGTGAGAAATACTATGTGGACTCTGTGAAGGGCCGATTCACCATCTCCAGAGACAACGCCAAGAACTCACTGTATCTGCAAATGAACAGCCTGAGAGCCGAGGACACGGCCGTGTATTACTGTGCGAGAGACAGAAGCTATGGTGCGGGGACCCCTAGGGAGTTTGACTACTGGGGCCAGGGAACCCTGGTCACCGTCTCCTCAG,GAGGTGCAGCTGGTGGAGTCTGGGGGAGGCTTGGTCCAGCCTGGGGGGTCCCTGGGACTCTCCTGTGCAGCCTCTGGATTCACCTTTAGTGGCTATTGGATGAGCTGGGTCCGCCAGGCTCCAGGGAGGGGGCTGGAGTGGGTGGCCGACATAACGCAAGATGGAAGTGAGAAATACTATGTGGGCTCTGTGAGGGGCCGATTCACCATCTCCAGAGACAACGCCAAGAACTCACTGCATCTGCAAATGAATAGCCTGAGAGCCGAGGACACGGCCGTATATTACTGTGCGAGAGACAGAAGCTTTGGTGCGGGGACCCCTAGGGAGTTTGACTACTGGGGCCAGGGAACCCTGGTCAGCGTCTCCTCAG,IGHV3-7*03
11,0,144396,GAGGTGCAGCTGGTGGAGTCTGGGGGAGGCTTGGTCCAGCCTGGGGGGTCCCTGGGACTCTCCTGTGCAGCCTCTGGATTCACCTTTAGTGGCTATTGGATGAGCTGGGTCCGCCAGGCTCCAGGGAGGGGGCTGGAGTGGGTGGCCGACATAACGCAAGATGGAAGTGAGAAATACTATGTGGGCTCTGTGAGGGGCCGATTCACCATCTCCAGAGACAACGCCAAGAACTCACTGCATCTGCAAATGAATAGCCTGAGAGCCGAGGACACGGCCGTATATTACTGTGCGAGAGACAGAAGCTTTGGTGCGGGGACCCCTAGGGAGTTTGACTACTGGGGCCAGGGAACCCTGGTCAGCGTCTCCTCAG,GAGGTGCAGCTGGTGGAGTCTGGGGGAGGCTTGGTCCAGCCTGGGGGGTCCCTGGGACTCTCCTGTGCAGCCTCTGGATTCACCTTTAGTGGCTATTGGATGAGTTGGGTCCGCCAGGCTCCAGGGAGGGGGCTGGAGTGGGTGGCCGACATAACGCAAGATGGAAGTGAGAAATACTATGTGGGCTCTGTGAGGGGCCGATTCACCATCTCCAGAGACAACGCCAAGAACTCACTGCATCTGCAAATGAATGGCCTGAGAGCCGAGGACACGGCCGTATATTACTGTGCGAGAGACAGAAGCTTTGGTGCGGGGACCCCTAGGGAGTTTGACTACTGGGGCCAGGGAACCCTGGTCAGCGTCTCCTCAG,IGHV3-7*03
12,0,144396,GAGGTGCAGCTGGTGGAGTCTGGGGGAGGCTTGGTCCAGCCTGGGGGGTCCCTGGGACTCTCCTGTGCAGCCTCTGGATTCACCTTTAGTGGCTATTGGATGAGCTGGGTCCGCCAGGCTCCAGGGAGGGGGCTGGAGTGGGTGGCCGACATAACGCAAGATGGAAGTGAGAAATACTATGTGGGCTCTGTGAGGGGCCGATTCACCATCTCCAGAGACAACGCCAAGAACTCACTGCATCTGCAAATGAATAGCCTGAGAGCCGAGGACACGGCCGTATATTACTGTGCGAGAGACAGAAGCTTTGGTGCGGGGACCCCTAGGGAGTTTGACTACTGGGGCCAGGGAACCCTGGTCAGCGTCTCCTCAG,GAGGTGCAGCTGGTGGAGTCTGGGGGAGGCTTGGTCCAGCCGGGGGGGTCCCTGGGACTCTCCTGTGCAGCCTCTGGATTCACCTTTAGTGGCTATTGGATGAGCTGGGTCCGCCAGGCTCCAGGGAGGGGACTGGAGTGGGTGGCCGACATAACGCAAGATGGAAGTGAGAAATACTATGTGGGCTCTGTGAGGGGCCGATTCACCATCTCCAGAGACAACGCCAAGAACTCACTGCATCTGCAAATGAATAGCCTGAGAGCCGAGGACACGGCCGTATATTACTGTGCGAGAGACAGAACCTTTGATGCGGGGACCTCTAGGGAGTTTGACTACTGGGGCCAGGGAACCCTGGTCAGCGTCTCCTCAG,IGHV3-7*03
13,0,144396,GAGGTGCAGCTGGTGGAGTCTGGGGGAGGCTTGGTCCAGCCTGGGGGGTCCCTGAGACTCTCCTGTGCAGCCTCTGGATTCACCTTTAGTAGCTATTGGATGAGCTGGGTCCGCCAGGCTCCAGGGAAGGGGCTGGAGTGGGTGGCCAACATAAAGCAAGATGGAAGTGAGAAATACTATGTGGACTCTGTGAAGGGCCGATTCACCATCTCCAGAGACAACGCCAAGAACTCACTGTATCTGCAAATGAACAGCCTGAGAGCCGAGGACACGGCCGTGTATTACTGTGCGAGAGACAGAAGCTATGGTGCGGGGACCCCTAGGGAGTTTGACTACTGGGGCCAGGGAACCCTGGTCACCGTCTCCTCAG,GAGGTGCAGCTGGTGGAGTCTGGGGGAGGCTTGGTCCAGCCTGGGGGGTCCCTGAGACTCTCCTGTGTAGCCTCTGGATTCACCTTTAGTTACTATTGGATGAGCTGGGTCCGCCAGGCTCCAGGGAAGGGGCTGGAGTGGGTGGCCAACATAAATCAAGATGGAAGTGGGAAATACTATGTGGACTCTGTGAAGGGCCGATTCACCATCTCCAGAGACAACGCCAAGAACTCACTGTATCTGCAAATGAGCAGCCTGAGAGCCGAGGACACGGCCGTGTATTACTGTGCGAGAGATAGGAGCTCTGGTGCGGGGACCCTTAGGGAGTTTGACTACTGGGGCCAGGGAGCCCTGGTCACCGTCTCCTCAG,IGHV3-7*03
14,0,31146,CAGGTGCAGCTGCAGGAGTCGGGCCCAGGACTGGTGAAGCCTTCACAGACCCTGTCCCTCACCTGCACTGTCTCTGGTGGCTCCATCGGCAGTGGTGGTTACTACTGGAGCTGGATCCGCCAGCACCCAGGGAAGGGCCTGGAGTGGATTGGGTACATCGATTACAGTGGGAGCACCTACTACAACCCGTCCCTCAAGAGTCGAGTTACCATATCAGTAGACACGTCTAAGAACCAGTTCTCCCTGAAGCTGAGCTCTGTGACTGCCGCGGACACGGCCGTGTATTACTGTGCGAGGACCCCGGCTACGATTAACGGTATGGACGTCTGGGGCCAAGGGACCACGGTCACCGTCTCTTCAN,CAGGTGCAGCTGCAGGAGTCGGGCCCAGGACTGGTGAAGCCTTCACAGACCCTGTCCCTCACCTGCACTGTCTCTGGTGGCTCCATCGGCAGTGGTGGTTACTACTGGAGCTGGATCCGCCAGCACCCAGGGAAGGGCCTGGAGTGGATTGGGTACATCGATAACAGTGGGAACACCTACTACAACCCGTCCCTCAAGAGTCGAGTTTCCATATCAGTAGACACGTCTTCGAATCAGGTCTCCCTGAAGGTGACCTCTGTGACTGCCGCGGACACGGCCGTGTATTACTGTGCGAGGACCCCGGCTACGATTAACGGTATGGACGTCTGGGGCCAAGGGACCACGGTCACCGTCTCTTCAN,IGHV4-31*03
15,0,31146,CAGGTGCAGCTGCAGGAGTCGGGCCCAGGACTGGTGAAGCCTTCACAGACCCTGTCCCTCACCTGCACTGTCTCTGGTGGCTCCATCGGCAGTGGTGGTTACTACTGGAGCTGGATCCGCCAGCACCCAGGGAAGGGCCTGGAGTGGATTGGGTACATCGATAACAGTGGGAACACCTACTACAACCCGTCCCTCAAGAGTCGAGTTTCCATATCAGTAGACACGTCTTCGAATCAGGTCTCCCTGAAGGTGACCTCTGTGACTGCCGCGGACACGGCCGTGTATTACTGTGCGAGGACCCCGGCTACGATTAACGGTATGGACGTCTGGGGCCAAGGGACCACGGTCACCGTCTCTTCAN,CACGTGCAGCTGCAGGAGTCGGGCCCAGGACTGGTGAAGCCTTCACAGACCCTGTCCCTCACCTGCAGTGTCTCTAGTGGCTCCATCGACAGTGATGGTTACTACTGGAGCTGGATCCGCCAGCACCCAGTGAAGGGCCTGGAGTGGATTGGATACATCGATAACAGTGGGAACAGCTACTACAACCCGTTCCTTAAGAGTCGAGTTTCCATATCACTAGACATGTCTTCGAATCAGGTCTCCCTGGAAGTGACCTCTGTGACGGCCGCGGACACGGCCGTGTATTACTGTGCGAGGACCCCGTCTACGATTAACGGTATGGACGTCTGGGGCCAAGGGACCACGGTCACCGTCTCTTCAN,IGHV4-31*03
16,0,31146,CAGGTGCAGCTGCAGGAGTCGGGCCCAGGACTGGTGAAGCCTTCACAGACCCTGTCCCTCACCTGCACTGTCTCTGGTGGCTCCATCGGCAGTGGTGGTTACTACTGGAGCTGGATCCGCCAGCACCCAGGGAAGGGCCTGGAGTGGATTGGGTACATCGATAACAGTGGGAACACCTACTACAACCCGTCCCTCAAGAGTCGAGTTTCCATATCAGTAGACACGTCTTCGAATCAGGTCTCCCTGAAGGTGACCTCTGTGACTGCCGCGGACACGGCCGTGTATTACTGTGCGAGGACCCCGGCTACGATTAACGGTATGGACGTCTGGGGCCAAGGGACCACGGTCACCGTCTCTTCAN,CAGGTGCAGCTGCAGGAGTCGGGCCCAGGACTGGTGAAGCCTTCACAGACCCTGTCCCTCACCTGCACTGTCTCTGGTGGCTCCATCGGCAGTGCTGGTTACTACTGGAGCTGGATCCGCCAACACCCAGGGAAGGGCCTGGAGTGGATTGGGTACATCGACAACAGTGGGAACACCTACTACAACCCGTCCCTCAGGAGTCGAGTTTCCATATCAGTAGACACGTCTTCGCATCAGGTCTCCCTGAGGGTGACCTCTGTGACTGCCGCGGACACGGCCGTGTATTATTGTGCGAGGACCCCGGCAACGATTAACGGTATGGACGTCTGGGGCCAAGGGACCACGGTCACCGTCTCTTCAN,IGHV4-31*03
17,0,31146,CAGGTGCAGCTGCAGGAGTCGGGCCCAGGACTGGTGAAGCCTTCACAGACCCTGTCCCTCACCTGCACTGTCTCTGGTGGCTCCATCGGCAGTGGTGGTTACTACTGGAGCTGGATCCGCCAGCACCCAGGGAAGGGCCTGGAGTGGATTGGGTACATCGATTACAGTGGGAGCACCTACTACAACCCGTCCCTCAAGAGTCGAGTTACCATATCAGTAGACACGTCTAAGAACCAGTTCTCCCTGAAGCTGAGCTCTGTGACTGCCGCGGACACGGCCGTGTATTACTGTGCGAGGACCCCGGCTACGATTAACGGTATGGACGTCTGGGGCCAAGGGACCACGGTCACCGTCTCTTCAN,CAGGTGCAGCTCCAGGAGTCGGGCCCAGGACTGGTGAAGCCTTCACAGACCCTGTCCCTCACCTGCACTGTCTCTAGTGGCTCCATCGGCAGTGGTGGTTACCACTGGACCTGGATCCGTCAGCACCCAGGGAAGGGCCTGGAGTGGATTGGGAACATCGATTACAGTGGGAGCACTTACTACAACCCGTCCCTCAAGAGTCGAGTTACCATGTCAGTGGGCACGTCGAAGAACCACTTCTCCCTGAAGCTGAGCTCTGTGACTGCCGCGGACACGGCCGTGTATTATTGTGCGAGGACCCCGGCTACGATTAATGGTATGGACGTCTGGGGCCGAGGGACCACGGTCACCGTCTCTTCAN,IGHV4-31*03
